atheism,10.036674010145274
atheist,-7.007412610020512
politics,0.055164696411384814
trump,0.042063250625123554
religions,0.126209283962761
question,0.0
blindfaith,0.0
exchristian,0.037587215931801594
christianity,1.0328961191243613
freedom,0.05971897929608238
atheists,1.0038139205085381
jesus,2.4724837731375757
barfy,0.0
fyp,0.0
animation,0.0
activism,0.0
socialjustice,0.0
blm,0.0
conspiracytheories,0.0
logic,0.0
evolution,0.10543704224591717
apologetics,0.21024574496586418
jew,0.0
christian,1.0234884502543793
muslim,0.0792287633400078
talkbeliefs,0.0
beliefs,0.0
cults,0.0
religion,2.801434886783355
secular,0.0
freethought,0.11291668739759697
mormon,0.03002310762680296
jw,0.0
theist,0.03698074573501969
antinatalism,0.0
childfree,0.0
animallover,0.0
vegan,0.0
animalrights,0.0
animalcruelty,0.0
feminism,0.0
exvangelical,0.037533907929257745
evangelical,0.0
god,3.41866138308043
iran,0.0
godwins,0.0
law,0.0
philosophy,0.18691096203641996
gnosticism,0.039860710230799755
mormonism,0.0
spirituality,0.11793556666941511
supernatural,0.0
paranormal,0.03818885861517518
mysticism,0.040738714416554134
covid,0.0
humanism,0.39149157230173387
anticapitalism,0.0
antitheism,0.043967640341834854
covid19,0.07077625077644603
wednesdaythought,0.0
wednesdaymotivation,0.0
skepticism,0.0
podcast,0.03797017141134235
podernfamily,0.0
podbean,0.0
violence,0.0
happiness,0.0
agnostic,0.0
apostate,0.0
theism,0.12349195332628045
exevangelical,0.0
pell,0.0
jesuschrist,0.0
humanity,0.03879837493815213
believes,0.0
allah,0.17878486943274474
righteousness,0.0
gardens,0.0
forever,0.0
provision,0.0
quran,0.0
godless,0.0
freethinker,0.0
heavens,0.0313101652279654
earth,0.053081086822019743
atheistcommunity,0.0
skeptic,0.0
skeptical,0.0
truth,0.42792864926550506
destination,0.0
skeptics,0.04323917986822313
disbeliever,0.0
believer,0.0
prolife,0.0
live,0.0
livestreaming,0.0
happs,0.0
chat,0.0
relationships,0.0
fuqurfeelings,0.0
islam,0.3623579755400275
muslims,0.0
bornday,0.0
racism,0.0
indoctrination,0.0
secularism,0.12943071076071688
materialism,0.0
athiest,0.0
sas2020,0.0
conservative,0.0
vegetarian,0.0
buddhism,0.0
buddha,0.0
atheistrollcall,0.0
tcot,0.030943382183041542
auspol,0.0
hillsong,0.0
donthavekids,0.0
endsuffering,0.0
efilism,0.0
vhemt,0.0
pregnancy,0.0
parenting,0.0
ivf,0.0
misanthropy,0.0
satanism,0.037261184258643616
hailsatan,0.0
thesatanictemple,0.0
think,0.0
faith,1.3862773038252711
bible,0.0
history,0.053153443309452146
romans,0.0
prayer,0.1571814741983166
teamjesus,0.0
ethics,0.031204837578730053
agnosticism,0.1302352587468663
freethinkers,0.0
humanist,-4.859101371721302
christians,0.2171437791343488
nativity,0.0
sp,0.0
telepathy,0.0
psi,0.0
christmas,0.053137716114181784
thomism,0.0
blacklivesmatter,0.0
blackatheist,0.0
atheistrepublic,0.0
religionispoison,0.0
astrophysics,0.0
biology,0.0
worship,0.0
rickygervais,0.0
interview,0.0
evidence,0.05957314318639513
libertarian,0.0
liberty,0.0
science,0.3802395473627711
karlmarx,0.0
diversity,0.0
apologist,0.0
heaven,0.07726355193448281
sentientism,0.0
christ,0.1670393768937466
holocaust,0.0
war,0.056385893815276665
blood,0.0
great,0.0
relationship,0.0
nogod,0.0
godisnotgreat,0.0
hume,0.0
edinburgh,0.0
scotland,0.0
freewill,0.0
sacrilegesunday,0.06753998664449126
atheismplus,0.0
atheisthotline,0.0
catholic,0.1405986219588437
yabookpromo,0.0
harrypotter,0.0
richarddawkins,0.0
newatheism,0.0
scientism,0.0
skepticalinquirer,0.0
skepticalmovement,0.0
love,0.12963024662638423
mondaymotivation,0.0
mondaythoughts,0.0
mondaymorning,0.0
physics,0.0
wisdom,0.0
psychology,0.0
culture,0.0
libertarianism,0.0
determinism,0.0
anarchism,0.0
sarcasm,0.0
noreligion,0.0
humanrights,0.0
mathematics,0.0
depression,0.0
anxiety,0.0
nihilism,0.0
superstition,0.0
pope,0.0
abuse,0.0
pseudoscience,0.0
loymachedo,0.0
nonbeliever,0.0
goodwithoutgod,0.0
freedomfromreligion,0.0
antireligion,0.0
blasphemy,0.033777470101937185
books,0.0
authors,0.0
religionpoisonseverything,0.030305677597018906
religionistheproblem,0.0
communism,0.0
socialist,0.0
theists,0.030169940463592865
morals,0.0
exmuslim,0.0
cancelchristianity,0.0
lol,0.0
feedly,0.0
air,0.0
answersinreason,0.0
gop,0.0
republican,0.0
marijuana,0.0
literature,0.0
sciencefiction,0.0
abortion,0.0
covidiot,0.0
pandumbic,0.0
covid_19,0.0
belief,0.07072516415964207
messenger,0.0
epistemology,0.0
cslewis,0.0
thoughtsandprayers,0.0
antifascism,0.0
gods,0.0891228693878619
godisacon,0.0
atheistrevolution,0.0
idiotfreezone,0.0
infectedbloodcomics,0.0
comcstrip,0.0
vaccine,0.0
xmas,0.0
reason,0.0
merrychristmas,0.0
educateyourself,0.0
commonsense,0.0
waronchristmas,0.0
world,0.0
satan,0.04507227828901179
evil,0.0
lucifer,0.0
death,0.061378113613205845
christianapologetics,0.0
fsm,0.0
morality,0.04939751810455971
deism,0.0
rationalism,0.0
godorlunacy,0.0
happyholidays,0.0
atheistsofinstagram,0.0
proudatheist,0.0
islamophobia,0.0
homophobia,0.0
atheophobia,0.0
isms,0.0
islamism,0.0
lgbtq,0.0
brexit,0.0
mythology,0.0
russia,0.0
israel,0.05830609492586364
atheistchristmas,0.0
forgiveness,0.0
hope,0.03784397019979691
people,0.03842500772342496
leftist,0.0
conflatedandmisunderstoodterms,0.0
china,0.0
communist,0.0
hell,0.06845722078302172
theistcideism,0.0
transhumanism,0.0
ebook,0.0
kindle,0.0
religious,0.07376769160210583
education,0.0
usa,0.03459251688426492
christmaseve,0.0
climatechange,0.0
capitalism,0.0
california,0.0
coronavirus,0.08020489334860816
murder,0.0
religiousfreedom,0.08747382607294991
thebible,0.0
catholicchurch,0.030079786633481015
us,0.0
podcastrecommendations,0.0
starwars,0.0
movies,0.0
comedy,0.03416844209034577
funny,0.0
like,0.0
subscribe,0.0
follow,0.0
new,0.0
talkradio,0.0
judaism,0.06505504282653551
therighttobesecular,0.0
friendship,0.0
marriage,0.0
honesty,0.0
nogods,0.0
progresstobetter,0.0
devil,0.0
nonsense,0.0
thingsthegodlysay,0.0
satanic,0.0
corruption,0.0
australia,0.0
mentalhealth,0.0
freemubarakbala,0.0
freedomofspeech,0.0
freedomofexpression,0.0
liberalismisamentaldisorder,0.0
socialismkills,0.0
esoteric,0.0
afterlife,0.0
deconversion,0.0
nonbelief,0.0
forcaringparents,0.0
athéisme,0.0
democracy,0.0
america,0.0
tryalpha,0.0
questions,0.0
meaning,0.0
purpose,0.0
church,0.0
suffering,0.0
bigbangtheory,0.0
theology,0.05214607585942645
pagan,0.0
druid,0.0
catholicism,0.0
marxism,0.0
veganism,0.0
free,0.0
advent,0.0
catholictwitter,0.0548678600514286
trcot,0.0
jesustweeters,0.0
fb,0.0
catholicmom,0.0
catholics,0.0
gospelsunday,0.0
jesustweets,0.0
christmasiscancelled,0.0
woke,0.0
imagine,0.0
secularhumanism,0.0
losangeles,0.0
muslimtwitter,0.0
creationist,0.0
emptythepews,0.0
leahremini,0.0
truthmatters,0.0
facts,0.044833541110791755
factsmatter,0.0
nonreligious,0.0
doesgodexist,0.0
socialism,0.0
language,0.0
aai,0.0
nigeria,0.0
freespeech,0.0
abolishblasphemylaws,0.0
existence,0.0
water,0.0
fools,0.0
heart,0.0
sexism,0.0
astrology,0.0
bloggerstribe,0.0
scicomm,0.0
sciencematters,0.0
wordpress,0.0
malebloggers,0.0
hereafter,0.03459648548449338
losers,0.0
soul,0.042295796346558126
poem,0.0
poetry,0.0
nationalpoetrymonth,0.0
oneworld,0.0
togetherathome,0.0
pastoral,0.0
necropastoral,0.0
satire,0.04419364407710716
romanticism,0.0
metamodernism,0.0
metaromanticism,0.0
americandream,0.0
symbolism,0.0
existentialism,0.0
surrealism,0.0
covidiots,0.0
anarchist,0.0
antifa,0.0
revolution,0.0
nogodsnomasters,0.0
growup,0.0
christiantwitter,0.0
enlightenment,0.0
hypocrisy,0.0
resurrection,0.0
scientology,0.0
fascism,0.0
vatican,0.0
idolatry,0.0
notrueatheists,0.0
prayforthelost,0.0
writingcommunity,0.0
sciphi,0.0
believe,0.0740635714780455
messengers,0.0
reward,0.0
fire,0.03357005540512274
paradise,0.0
desire,0.0
enjoyment,0.0
delusion,0.0
creation,0.052997764669169584
night,0.0
day,0.0
signs,0.0
proofs,0.0
understanding,0.0
art,0.0
life,0.15054345881291886
metal,0.0
dark,0.0
dead,0.0
horror,0.0
cemetery,0.0
gothic,0.0
drawing,0.0
artist,0.0
deconstruction,0.0
quebec,0.0
churches,0.0
lockdown,0.0
godisfake,0.0
tpusa,0.0
turningpointusa,0.0
equality,0.0
unity,0.0
nietzsche,0.0
postmodernism,0.0
liberalism,0.0
existenceofgod,0.0
saturdaymotivation,0.0
myths,0.0
faithschools,0.0
re,0.0
quranhour,0.0
jews,0.0644515380244102
alcoholism,0.0
consciousness,0.0
occult,0.0
zen,0.0
godisgreat,0.0
perspective,0.0
biblestudy,0.06581532125540637
fun,0.0
colbert,0.0
keanureeves,0.0
exmormon,0.0
cult,0.0
nxivm,0.0
yule,0.0
grace,0.056464037672253095
spiritualism,0.0
theatheistapp,0.0
prophecy,0.0
joke,0.0
fakechristians,0.0
goodwithoutgods,0.0
nones,0.0
slavery,0.0
plato,0.0
monotheism,0.0
divinity,0.0
lgbtqia,0.0
homosexuality,0.0
transgenderism,0.0
idw,0.0
intellectualdarkweb,0.0
podcasthq,0.0
thegoddelusion,0.0
bigotry,0.0
einstein,0.0
gay,0.0
lgbt,0.0
nontheism,0.0
interfaith,0.0
intrafaith,0.0
peace,0.07020107940584587
stoicism,0.0
churchandstate,0.0
aha,0.0
franklingraham,0.0
dawkins,0.0
tiktok,0.0
podecho,0.0
internetradio,0.0
radio,0.0
bloggersblast,0.0
immigration,0.0
black,0.0
mental,0.0
environmentalism,0.0
evangelicals,0.0
debunked,0.0
kindlebooks,0.0
cancer,0.0
medicine,0.0
reading,0.0
ebooks,0.0
freebooks,0.0
improvbiblestudy,0.0
addiction,0.0
sinner,0.0
neuroscience,0.0
cdnpoli,0.0
rational,0.0
amwriting,0.0
writerslife,0.0
writerslift,0.0
blogger,0.0
nature,0.0
design,0.0
genetics,0.0
periscope,0.0
racismmustfall,0.0
problack,0.0
progress,0.0
actualfaith,0.0
reality,0.0
lord,0.0
righteous,0.0
holidayseason,0.0
factcheck,0.0
christopherhitchens,0.0
hitchmas,0.0
hitch,0.0
africa,0.0
african,0.0
power,0.0
respect,0.0
feminist,0.0
murica,0.0
podcasts,0.0
news,0.0
topprog,0.0
healthcare,0.0
repost,0.0
atheistic,0.0
human,0.0
aphorisms,0.0
quotes,0.13019628789598792
realtalk,0.0
foodforthought,0.0
prayers,0.0
praying,0.0
pessimism,0.0
criticalthinking,0.0
success,0.0
twitter,0.0
sinful,0.0
liar,0.0
verses,0.0
punishment,0.0
ridicule,0.0
humiliating,0.0
rationalthinking,0.0
onelifeanywhere,0.0
salvation,0.030037356274366073
gospel,0.0853350111925602
taxthechurch,0.0
republicans,0.0
winning,0.0
creatures,0.0
darwin,0.0
none,0.0
thinkforyourself,0.0
godblessamerica,0.0
conservatives,0.0
mythcon,0.0
theocracy,0.0
agnostics,0.0
humanists,0.0
community,0.0
vote,0.0
witchcraft,0.0
empathy,0.0
humans,0.0
themoreyouknow,0.0
sundaymorning,0.0
metoo,0.0
womensrights,0.0
music,0.0
tryingforababy,0.0
parents,0.0
sciencetwitter,0.0
scientists,0.0
bookofmormon,0.0
maga,0.0
creationism,0.0
election,0.0
godisdead,0.0
ai,0.0
bartehrman,0.0
rapture,0.0
cnn,0.0
ad,0.0
coffee,0.0
ministry,0.0
argument,0.0
quantum,0.0
godexists,0.0
stupidchristian,0.0
magic,0.0
priests,0.0
germany,0.0
weird,0.0
subjective,0.0
france,0.0
parisbeheading,0.0
isis,0.0
ffrf,0.0
discrimination,0.0
american,0.0
thinkmore,0.0
instacatholic,0.0
prochoice,0.0
evangelism,0.0
religionoftheday,0.0
eu,0.0
uk,0.0
motivationalquotes,0.0
academictwitter,0.0
jordanpeterson,0.0
alanwatts,0.0
growupalready,0.0
justice,0.0
money,0.0
end,0.0
judgement,0.0
philosophyofreligion,0.0
religioustrauma,0.0
intelligence,0.0
thinking,0.0
scientific,0.0
knowledge,0.0
factsnotfiction,0.0
therationalhuman,0.0
separationofchurchandstate,0.0
book,0.0
democrat,0.0
universe,0.0
torah,0.0796108437419328
exfundie,0.0
fundamentalism,0.0
endtimes,0.0
communists,0.0
extremism,0.0
covidー19,0.0
satanist,0.0
naturalism,0.0
temporary,0.0
permanent,0.0
settlement,0.0
establishmentclause,0.0
thereisnogod,0.0
university,0.0
uni,0.0
studentslivesmatter,0.0
hallam,0.0
uos,0.0
society,0.0
stress,0.0
bored,0.0
work,0.0
assignment,0.0
onlineclasses,0.0
england,0.0
freshers,0.0
pr,0.0
missionary,0.0
dems,0.0
blasphemous,0.0
apostasy,0.0
chaos,0.0
time,0.0
thecreator,0.0
bookrecommendations,0.0
anthropology,0.0
arrogant,0.0
unjust,0.0
disbelievers,0.0
promise,0.0
loss,0.0
doomsday,0.0
kids,0.0
child,0.0
children,0.0
brainwashed,0.0
indoctrinated,0.0
london,0.0
cosmology,0.0
virtue,0.0
goodness,0.0
darwinism,0.0
deities,0.0
polytheism,0.0
scripture,0.04081369208396813
fantasy,0.0
bigbang,0.0
aquinas,0.0
energy,0.0
light,0.056232044847748686
christmas2020,0.0
leadership,0.0
jesussaves,0.0
answeringatheism,0.0
ateismo,0.0
religionpoisonsthemind,0.0
flatearth,0.0
baptist,0.0
pray,0.0
priest,0.0
americans,0.0
knowledgeispower,0.0
technology,0.0
scotus,0.0
podcasting,0.0
newepisode,0.0
antitheist,0.0
godsplan,0.0
samharris,0.0
socialismnow,0.0
godisgood,0.0
scientist,0.0
chemistry,0.0
redbubble,0.0
fertility,0.0
honest,0.0
thursdaythoughts,0.0
fridayfeeling,0.0
recompense,0.0
wtf,0.0
bbc,0.0
sociology,0.0
thoughts,0.0
irony,0.0
atheisthumor,0.0
hitler,0.0
oldtestament,0.0
bethlehem,0.0
sanity,0.0
hypocrite,0.0
holy,0.0
nogodsneeded,0.0
jesusisdead,0.0
religionisbullshit,0.0
religionisdying,0.0
noreligionneeded,0.0
happyatheist,0.0
helpfromabove,0.0
prayerisuseless,0.0
pastor,0.0
holygrail,0.0
liberals,0.0
lyingforjesus,0.0
godisntreal,0.0
tuesdaythoughts,0.0
skydaddy,0.0
godisnotreal,0.0
moral,0.0
abraham,0.0
philosophytwitter,0.0
feelings,0.0
exmuslimbecause,0.0
space,0.0
comics,0.0
jehovahswitnesses,0.0
godbless,0.0
quotations,0.0
funeral,0.0
wlc,0.0
trending,0.0
amycovidbarrett,0.0
mattdillahunty,0.0
atheismisdope,0.0
stopthestupid,0.0
cybermonday,0.0
blackfriday,0.0
gift,0.0
tshirt,0.0
quoteoftheday,0.0
pleasure,0.0
pain,0.0
yoga,0.0
meditation,0.0
ego,0.0
self,0.0
atheists_go_to_china,0.0
speakup,0.0
awesomewithoutallah,0.0
heathen,0.0
jointheflood,0.0
biblethinker,0.0
mikewingerii,0.0
foratheists,0.0
learn,0.0
quote,0.0
prophet,0.0
opinion,0.0
atheistvoter,0.0
praise,0.0
hour,0.0
despair,0.0
meeting,0.0
thevow,0.0
android,0.0
apple,0.0
jewish,0.06317038791708927
freedomfromreligionfoundation,0.0
holidays,0.0
usnews,0.0
fridaymotivation,0.0
disbelieve,0.0
despaired,0.0
mercy,0.0
painful,0.0
religionofpeace,0.0
thanksgiving,0.0
theatheistexperience,0.0
spiritualawakening,0.0
freethinking,0.0
supremecourt,0.0
ingodwetrust,0.0
tshirts,0.0
amyconeybarrett,0.0
christjesus,0.0
corona,0.0
qanon,0.0
religionisevil,0.0
nonbelievers,0.0
lies,0.0
math,0.0
yahweh,0.04192231640696697
magick,0.0
scifi,0.0
proof,0.0
deity,0.0
delusional,0.0
connection,0.0
calvinism,0.0
inspiration,0.0
blogging,0.0
intellect,0.0
fuckreligion,0.0
sharia,0.0
cosmos,0.0
carlsagan,0.0
holybible,0.0
finance,0.0
illusion,0.0
fake,0.0
trust,0.0
worldview,0.0
doubt,0.03756328090290224
responsibility,0.0
buybull,0.0
unbelief,0.0
lifestyle,0.0
kindness,0.0
fridaythoughts,0.0
religionruinseverything,0.0
rationality,0.0
sundaythoughts,0.0
believers,0.0
moses,0.04144697716551835
lovejesus,0.03561148098441258
holyspirit,0.090563985764936
jcot,0.0
sky,0.0
beauty,0.0
newlifeau,0.0
shift,0.0
andrewsuniversity,0.0
newlove,0.0
fellowship,0.0
berrienspringsmi,0.0
paganism,0.0
baqarah,0.0
qurantime,0.0
kaba,0.0
mecca,0.0
covenant,0.0
wrongdoers,0.0
christianlife,0.0
athiests,0.0
saturdaythoughts,0.0
quotesforlife,0.0
quotestoliveby,0.0
jesusislord,0.0
blessings,0.0
humor,0.0
humour,0.0
apparel,0.0
women,0.0
islamic,0.0
spiritual,0.0
immigrant,0.0
family,0.0
curiosity,0.0
fails,0.0
disbelief,0.0
intelligentdesign,0.0
firstamendment,0.0
gofreebooks,0.0
audiobooks,0.0
islamlove,0.0
deist,0.0
muslimah,0.0
irreligion,0.0
deeds,0.0
debate,0.0
health,0.0
messiah,0.0
yeshua,0.0377883966140785
father,0.0
blog,0.0
bibleverse,0.04188030699272077
bibel,0.0
amen,0.0
mustread,0.0
wealth,0.0
equalrights,0.0
fail,0.0
tradition,0.0
stupidity,0.0
ignorance,0.0
haiku,0.0
atheismcommunity,0.0
reformed,0.0
documentary,0.0
blessed,0.0
eternity,0.0
hellfire,0.0
forgive,0.0
sins,0.0
misdeeds,0.0
angels,0.03292094956293448
test,0.0
eternal,0.0
worthless,0.0
rt,0.0
religionfree,0.0
miracles,0.0
atheismwinsagain,0.0
author,0.0
hatred,0.0
true,0.0
films,0.0
andrews,0.0
seth,0.0
mythicism,0.0
read,0.0
anarchy,0.0
italy,0.0
ideas,0.0
respond,0.0
resurrect,0.0
vaticancity,0.0
popefrancis,0.0
pandemic,0.0
constitution,0.0
believed,0.0
fear,0.0
biblical,0.0
blessing,0.0
darknesses,0.0
merciful,0.0
queer,0.0
nothingfailslikeprayer,0.0
proclaimengagedefend,0.0
coronaviruspandemic,0.0
lds,0.0
miracle,0.0
godsnotdead,0.0
atheistposts,0.0
celebrity,0.0
believing,0.0
nothing,0.0
misery,0.0
elonmusk,0.0
newyorkapologetics,0.0
instincts,0.0
image,0.0
mosque,0.0
trinity,0.0
worldnews,0.0
poll,0.0
thewordofgod,0.0
sermon,0.0
kaballah,0.0
charasmatic,0.0
favor,0.0
betterwithoutbible,0.0
faithful,0.0
wordofgod,0.0
conclusion,0.0
evidences,0.0
government,0.0
discussion,0.0
research,0.0
writers,0.0
newage,0.0
wednesdaythoughts,0.0
sundaymotivation,0.0
emotions,0.0
civilization,0.0
inspirational,0.0
iartg,0.0
donaldtrump,0.0
wednesdaywisdom,0.0
prayerwoks,0.0
astronomy,0.0
foxnews,0.0
advice,0.0
democrats,0.0
blind,0.0
instagram,0.0
jesusisking,0.0
stephenhawking,0.0
poetrycommunity,0.0
antichrist,0.0
douglasadams,0.0
aliens,0.0
adam,0.0
motivation,0.0
saved,0.0
buddhists,0.0
jokes,0.0
greed,0.0
crazy,0.0
comedian,0.0
standup,0.0
scam,0.0
photography,0.0
heathens,0.0
christiancoffeetime,0.0
bornagain,0.0
woo,0.0
beleive,0.0362995893502586
race,0.0
word,0.05152409955418183
savior,0.046646097113126964
update,0.0
thegospel,0.0
yah,0.0
godrassment,0.0
p2,0.0
jesusistheonlyway,0.0
easter,0.0
school,0.0
mississippi,0.0
mohammed,0.0
dogma,0.0
creator,0.0
hitchens,0.0
sign,0.0
ravizacharias,0.0
answers,0.0
islamicquotes,0.0
ap666,0.0
desertmurdermanual,0.0
childhoodindoctrination,0.0
genesis,0.0
noah,0.0
myth,0.0
aronra,0.0
mormons,0.0
acrostic,0.0
polls,0.0
awake,0.0
redpill,0.0
wokeaf,0.0
chakras,0.0
dontworshiptheimageofthebeast,0.0
kjvonly,0.0
fathers,0.0
donttakethemarkofthebeast,0.0
writing,0.0
zoroastrian,0.0
weed,0.0
exchange,0.0
truthbetold,0.0
academia,0.0
agnosticatheist,0.0
proveyourgodexists,0.0
saturdaymorning,0.0
revelation,0.0
nohell,0.0
indieauthor,0.0
wwjd,0.0
tryharder,0.0
college,0.0
account,0.0
heretic,0.0
cross,0.0
1peter3_15,0.0
virgin,0.0
fakenews,0.0
divine,0.0
questionoftheday,0.0
nephilim,0.0
ghosts,0.0
pantheism,0.0
atheistday,0.0
west,0.0
not,0.0
terrorist,0.0
moslem,0.0
arab,0.0
arabic,0.0
david,0.0
daulah,0.0
chalifate,0.0
eastersunday,0.0
sin,0.0
easterweekend,0.0
goodfriday,0.0
infidel,0.0
sunday,0.0
writer,0.0
theodicy,0.0
dumb,0.0
ufo,0.0
dios,0.0
gott,0.0
hoax,0.0
breakingnews,0.0
retro,0.0
amreading,0.0
marketing,0.0
spreaker,0.0
fairytales,0.0
patriarchy,0.0
testimony,0.0
repent,0.0
conspiracy,0.0
being,0.0
takepridedaily,0.0
hate,0.0
integrity,0.0
purity,0.0
sex,0.0
nowplaying,0.0
log,0.0
we,0.0
atheistbuddhist,0.0
scientificmethod,0.0
baloney,0.0
qadswallop,0.0
ant,0.0
bookreview,0.0
antit,0.0
jehovah,0.0
fact,0.0
daughter,0.0
mother,0.0
painting,0.0
godislove,0.0
jesuscalling,0.0
childabuse,0.0
protestant,0.0
metaphysics,0.0
reflect,0.0
ponder,0.0
socialmedia,0.0
spirit,0.0
aa,0.0
godswill,0.0
sobriety,0.0
godspeed,0.0
godly,0.0
joseph,0.0
defendthefaith,0.0
wordbt,0.0
prideful,0.0
proud,0.0
spinoza,0.0
blacktwitter,0.0
hiphop,0.0
rappers,0.0
aacon20,0.0
arrogance,0.0
ccot,0.0
post262,0.0
spiritualitywithranjit,0.0
guidance,0.0
buddhist,0.0
notification,0.0
strawman,0.0
alternativemedicine,0.0
residence,0.0
servants,0.0
grateful,0.0
error,0.0
companions,0.0
eternally,0.0
ungrateful,0.0
sun,0.0
moon,0.0
afrikan,0.0
rap,0.0
living,0.0
hearing,0.0
vision,0.0
hearts,0.0
man,0.0
militantatheist,0.0
nogodneeded,0.0
recovery,0.0
truthful,0.0
liberal,0.0
meaningoflife,0.0
brain,0.0
naturalintelligence,0.0
naturalselection,0.0
lockdownend,0.0
newton,0.0
unbeliever,0.0
godorfraud,0.0
sheep,0.0
misogyny,0.0
wombs,0.0
mothers,0.0
dominion,0.0
mary,0.0
astray,0.0
severe,0.0
dog,0.0
europe,0.0
pride,0.0
good,0.0
best,0.0
adamandeve,0.0
eattheapple,0.0
ifthisshithasntcaughtyourattentionimnotsurewhatwill,0.0
humbled,0.0
blaze,0.0
values,0.0
joy,0.0
stupid,0.0
alive,0.0
nde,0.0
demons,0.0
reasonandtheology,0.0
thelasttestament,0.0
kindledeals,0.0
amazonunlimited,0.0
writerscafe,0.0
religimarole,0.0
atheistquotes,0.0
curse,0.0
lie,0.0
religionkills,0.0
howstupidareamericans,0.0
stupidamericans,0.0
falsehood,0.0
rock,0.0
speakerscorner,0.0
hydepark,0.0
hebrew,0.0
animal,0.0
animals,0.0
cancelchurchianity,0.0
readerreview,0.0
greatreads,0.0
sperm,0.0
novel,0.0
socialdistancing,0.0
resurrected,0.0
jesusreturns,0.0
mtheory,0.0
johncarsonlennox,0.0
theoreticalphysics,0.0
charity,0.0
atheismisunstoppable,0.0
wakeup,0.0
kjv,0.0
racist,0.0
sports,0.0
denial,0.0
ateo,0.0
nonduality,0.0
atheismiswinning,0.0
religiosity,0.0
readerreviews,0.0
mankind,0.0
need,0.0
ideology,0.0
failure,0.0
giants,0.0
gratitude,0.0
injustice,0.0
whydoyoubelieve,0.0
real,0.0
growth,0.0
mysteriousways,0.0
stoic,0.0
atheistquote,0.0
ascensionday,0.0
ascensionofchrist,0.0
liars,0.0
competent,0.0
nogodsnoprophets,0.0
jesusmyth,0.0
disbelieving,0.0
statement,0.0
reviews,0.0
review,0.0
badreligion,0.0
way,0.0
deny,0.0
regret,0.0
die,0.0
message,0.0
virus,0.0
lifeless,0.0
ghost,0.0
secure,0.0
jesuschristsuperstar,0.0
novels,0.0
reads,0.0
coronavirusoutbreak,0.0
1stamendment,0.0
christiannationalism,0.0
soundcloud,0.0
disgrace,0.0
jihad,0.0
qoran,0.0
hadith,0.0
praisejesus,0.0
praisegod,0.0
coronavirusupdate,0.0
pascalswager,0.0
forgiving,0.0
seeing,0.0
false,0.0
c4urself,0.0
stayathome,0.0
warning,0.0
worlds,0.0
smallyoutuber,0.0
torment,0.0
wise,0.0
historicaljesus,0.0
knowing,0.0
fiction,0.0
kindnessmatters,0.0
polytheists,0.0
axioms,0.0
christianlove,0.0
atheistsunited,0.0
perpetual,0.0
horizons,0.0
themselves,0.0
catholicteachers,0.0
fromhelllucifer,0.0
unitednations,0.0
left,0.0
right,0.0
99cents,0.0
goodreads,0.0
horn,0.0
bullshit,0.0
fromhell,0.0
religión,0.0
youngearth,0.0
tencommandments,0.0
angel,0.0
christmasstory,0.0
webcomic,0.0
hwp,0.0
saviour,0.0
followjesus,0.0
sonofgod,0.0
prophets,0.0
petedoonis,0.0
wuweichuankungfu,0.0
orthodox,0.0
nodemons,0.0
carpethefuckingdiem,0.0
davewarnock,0.0
dyingoutloud,0.0
scienceandbelief,0.0
betterwithoutgod,0.0
rts,0.0
jebus,0.0
atheistbecause,0.0
religioustraumasyndrome,0.0
fucktrump,0.0
compulsion,0.0
leaveislam,0.0
vichumanist,0.0
positive,0.0
moralvalues,0.0
podcaster,0.0
nasa,0.0
quaratinelife,0.0
freedomofreligion,0.0
witness,0.0
godlessheathen,0.0
mind,0.0
secularhumanist,0.0
freeyourmind,0.0
atheismftw,0.0
like4likes,0.0
evangelists,0.0
theliberalatheist,0.0
notredame,0.0
election2020,0.0
islamicstate,0.0
smartnews,0.0
americanatheist,0.0
support,0.0
religionsucks,0.0
christianityisinsanity,0.0
noheaven,0.0
taxchurches,0.0
churchless,0.0
tst,0.0
avesatanas,0.0
theistsarefuckingmorons,0.0
charlesdarwin,0.0
baphomet,0.0
exmuslimscandinavia,0.0
trumpforprison,0.0
prisonfortrump,0.0
facebook,0.0
nonreligion,0.0
compassion,0.0
altruism,0.0
goodnews,0.0
artpirate,0.0
souls,0.0
mattmcmillen,0.0
mattmcmillenministries,0.0
sundayschool,0.0
happyeaster,0.0
resurrectionsunday,0.0
sundayservice,0.0
palmsunday,0.0
stem,0.0
fistbump,0.0
end_of_the_days,0.0
climate_change,0.0
chistian,0.0
maryandjoseph,0.0
lnyhbt,0.0
suitheism,0.0
conversion,0.0
barackobama,0.0
jesusteam,0.0
resist,0.0
feedback,0.0
chrisitan,0.0
kingjames,0.0
spreadingthegoodnews,0.0
messianic,0.0
nbmweeklydrive,0.0
latestnews,0.0
son,0.0
latest,0.0
nbmthoughtfortoday,0.0
newbirthminds,0.0
believeinyourself,0.0
goddelusion,0.0
wearamask,0.0
libra,0.0
soberliving,0.0
xotwod,0.0
soberissexy,0.0
soberlife,0.0
cleanandsober,0.0
beardmodel,0.0
alternativeclothing,0.0
quarantine,0.0
meanbeard,0.0
btfu,0.0
fearthebeard,0.0
notinchurch,0.0
godno,0.0
religionisbs,0.0
cultures,0.0
insta_ac,0.0
graveyard_dead,0.0
cemetery_shots,0.0
building_shotz,0.0
building,0.0
buildings,0.0
oldschool,0.0
old,0.0
religionharms,0.0
freethouqht,0.0
panafrican,0.0
lifelessons,0.0
thematrix,0.0
geocities,0.0
archive,0.0
main,0.0
homepage,0.0
istandwithdan,0.0
thedrum,0.0
backtothefuture,0.0
timetravel,0.0
simulation,0.0
libcrib,0.0
matrix,0.0
relgiousbelief,0.0
p2d,0.0
insiders,0.0
adventure,0.0
caseyvsthebible,0.0
polqc,0.0
islamofauxbia,0.0
franglos,0.0
religiostitions,0.0
franglophiles,0.0
seamus,0.0
assnatqc,0.0
antiatheism,0.0
polcan,0.0
